season,n,risk_rate,risk_lo,risk_hi,reward_rate,reward_lo,reward_hi
Winter,151,0.5629139072847682,0.4832090849531051,0.6394970697467285,0.36423841059602646,0.29173603627160444,0.4434769983234916
Spring,756,0.48148148148148145,0.44604798111794897,0.5171022265010756,0.5674603174603174,0.5318912897661151,0.6023472396217237
