{
  "logit_risk": {
    "params": {
      "Intercept": 0.5309739465500114,
      "season": -0.33018987310106346,
      "hours_after_sunset": -0.049782194813600945
    },
    "pvalues": {
      "Intercept": 0.018867167969456648,
      "season": 0.06645152314409912,
      "hours_after_sunset": 0.07216395344130623
    }
  },
  "logit_reward": {
    "params": {
      "Intercept": 0.7137162745698836,
      "season": 1.0303507256310704,
      "risk": -2.994811626085818,
      "hours_after_sunset": 0.0231399310064772
    },
    "pvalues": {
      "Intercept": 0.017863456003315736,
      "season": 1.4617602759083347e-05,
      "risk": 1.7219713158346246e-64,
      "hours_after_sunset": 0.5178113445212498
    }
  },
  "ols_delay": {
    "params": {
      "Intercept": 6.0396225579468075,
      "C(season)[T.1]": 6.806712730456672
    },
    "pvalues": {
      "Intercept": 0.007178762924840845,
      "C(season)[T.1]": 0.005676892213462906
    },
    "r2": 0.008422159489899217
  }
}