{
  "chi2_risk": {
    "chi2": 3.0209731283818444,
    "p": 0.0821941315665606,
    "dof": 1
  },
  "chi2_reward": {
    "chi2": 20.0776921728918,
    "p": 7.435896872827605e-06,
    "dof": 1
  },
  "mw_delay": {
    "U": 46006.5,
    "p": 0.00015771242270389157,
    "winter_median": 2.0,
    "spring_median": 4.0
  },
  "mw_rat_minutes": {
    "U": 426024.5,
    "p": 1.3647707350348317e-27,
    "winter_median": 0.0,
    "spring_median": 0.0,
    "winter_mean": 0.46874999999886363,
    "spring_mean": 3.104549146959383
  },
  "mw_rat_arrival_number": {
    "U": 432998.5,
    "p": 1.0197054206556745e-24,
    "winter_median": 0.0,
    "spring_median": 0.0,
    "winter_mean": 0.23863636363636365,
    "spring_mean": 0.5962632006498781
  },
  "mw_bat_landing_number": {
    "U": 658392.5,
    "p": 2.7503057353729258e-17,
    "winter_median": 35.0,
    "spring_median": 22.0,
    "winter_mean": 36.757954545454545,
    "spring_mean": 28.65800162469537
  },
  "spearman_all": {
    "rho": -0.11319781486992325,
    "p": 1.84182958082978e-07,
    "n": 2111
  },
  "spearman_winter": {
    "rho": -0.02123406484824958,
    "p": 0.5292968471804,
    "n": 880
  },
  "spearman_spring": {
    "rho": -0.0968036819989962,
    "p": 0.000671507041904127,
    "n": 1231
  }
}